EMPLOYEE_ID,PAYDATE
100,07/01/15
101,07/01/15
102,07/01/15
103,07/01/15
104,07/01/15
105,07/01/15
106,07/01/15
107,07/01/15
108,07/01/15
109,07/01/15
110,07/01/15
111,07/01/15
112,07/01/15
113,07/01/15
114,07/01/15
115,07/01/15
116,07/01/15
117,07/01/15
118,07/01/15
119,07/01/15
120,07/01/15
121,07/01/15
122,07/01/15
123,07/01/15
124,07/01/15
125,07/01/15
126,07/01/15
127,07/01/15
128,07/01/15
129,07/01/15
130,07/01/15
131,07/01/15
132,07/01/15
133,07/01/15
134,07/01/15
135,07/01/15
136,07/01/15
137,07/01/15
138,07/01/15
139,07/01/15
140,07/01/15
141,07/01/15
142,07/01/15
143,07/01/15
144,07/01/15
145,07/01/15
146,07/01/15
147,07/01/15
148,07/01/15
149,07/01/15
150,07/01/15
151,07/01/15
152,07/01/15
153,07/01/15
154,07/01/15
155,07/01/15
156,07/01/15
157,07/01/15
158,07/01/15
159,07/01/15
160,07/01/15
161,07/01/15
162,07/01/15
163,07/01/15
164,07/01/15
165,07/01/15
166,07/01/15
167,07/01/15
168,07/01/15
169,07/01/15
170,07/01/15
171,07/01/15
172,07/01/15
173,07/01/15
174,07/01/15
175,07/01/15
176,07/01/15
177,07/01/15
178,07/01/15
179,07/01/15
180,07/01/15
181,07/01/15
182,07/01/15
183,07/01/15
184,07/01/15
185,07/01/15
186,07/01/15
187,07/01/15
188,07/01/15
189,07/01/15
190,07/01/15
191,07/01/15
192,07/01/15
193,07/01/15
194,07/01/15
195,07/01/15
196,07/01/15
197,07/01/15
198,07/01/15
199,07/01/15
200,07/01/15
201,07/01/15
202,07/01/15
203,07/01/15
204,07/01/15
205,07/01/15
206,07/01/15
